{"acc":{"0":0.1548523207,"1":0.2826476793,"2":0.3891350211},"loss":{"0":2.7110401512,"1":2.3286506979,"2":1.9707382035},"val_acc":{"0":0.1840277778,"1":0.3425925926,"2":0.4861111111},"val_loss":{"0":2.5392964063,"1":2.026273723,"2":1.545506963}}

