{"acc":{"0":0.1264603402,"1":0.2007583521,"2":0.3781000205,"3":0.5469358475,"4":0.655872105,"5":0.712902234,"6":0.7552264808,"7":0.7815126051,"8":0.7984730477,"9":0.81287149,"10":0.8238880919,"11":0.8338286534,"12":0.8383890141,"13":0.8444865751,"14":0.8494568559,"15":0.8475609756,"16":0.8548882968,"17":0.8619594179,"18":0.8633428981,"19":0.8607808978,"20":0.8644701783,"21":0.8720024595,"22":0.8682619389,"23":0.8695429391,"24":0.8725660996,"25":0.8742057798,"26":0.8774851404,"27":0.8773314203,"28":0.8783049805,"29":0.8783049806,"30":0.8788686206,"31":0.8819942611,"32":0.8775363804,"33":0.8800983809,"34":0.8839926214,"35":0.8885529821,"36":0.881174421,"37":0.8819942611,"38":0.8850174216,"39":0.8820967412,"40":0.8838901415,"41":0.8894753023,"42":0.887989342,"43":0.887630662,"44":0.8897827424,"45":0.8859118852,"46":0.889093891,"47":0.887733142,"48":0.8903463825,"49":0.8855810617},"loss":{"0":2.818382439,"1":2.5797808889,"2":2.0505250502,"3":1.4828955707,"4":1.1375218942,"5":0.9521414413,"6":0.8307725543,"7":0.741639177,"8":0.6761615385,"9":0.6352744791,"10":0.6087420419,"11":0.5705979752,"12":0.5603516053,"13":0.5417613353,"14":0.5264637295,"15":0.5161354815,"16":0.508913055,"17":0.4844046486,"18":0.4810569227,"19":0.4904836693,"20":0.470947437,"21":0.4543943441,"22":0.4650931754,"23":0.4706743068,"24":0.4466166151,"25":0.4474792889,"26":0.4378141089,"27":0.4395558527,"28":0.4354847094,"29":0.4348748567,"30":0.4302911718,"31":0.4153886912,"32":0.4355940118,"33":0.4276662888,"34":0.4156193568,"35":0.4056774,"36":0.4239942113,"37":0.4176807821,"38":0.40859701,"39":0.4255077686,"40":0.4124720575,"41":0.4011910964,"42":0.4073395407,"43":0.4049271846,"44":0.3929276619,"45":0.4164893615,"46":0.4078599004,"47":0.4046077798,"48":0.3945008811,"49":0.4093888465},"val_acc":{"0":0.1572916667,"1":0.2760416667,"2":0.5125,"3":0.6604166667,"4":0.76875,"5":0.8083333333,"6":0.8260416667,"7":0.8520833333,"8":0.8552083333,"9":0.88125,"10":0.903125,"11":0.8739583333,"12":0.8895833333,"13":0.8979166667,"14":0.925,"15":0.90625,"16":0.915625,"17":0.9291666667,"18":0.90625,"19":0.9125,"20":0.9333333333,"21":0.9166666667,"22":0.9354166667,"23":0.91875,"24":0.928125,"25":0.9416666667,"26":0.921875,"27":0.9291666667,"28":0.9260416667,"29":0.925,"30":0.93125,"31":0.9447916667,"32":0.9458333333,"33":0.9458333333,"34":0.946875,"35":0.9395833333,"36":0.94375,"37":0.9447916667,"38":0.9458333333,"39":0.9364583333,"40":0.9510416667,"41":0.9510416667,"42":0.9520833333,"43":0.94375,"44":0.95,"45":0.9479166667,"46":0.9447916667,"47":0.95625,"48":0.940625,"49":0.946875},"val_loss":{"0":2.8299420754,"1":2.4579339504,"2":1.5854838769,"3":1.0980369409,"4":0.7737645189,"5":0.6656841685,"6":0.61424334,"7":0.4790416941,"8":0.4710694094,"9":0.3765422747,"10":0.3213718802,"11":0.4187358333,"12":0.3500986089,"13":0.3319777532,"14":0.2811885459,"15":0.3106062599,"16":0.2967970936,"17":0.2466147302,"18":0.3127988306,"19":0.2812006094,"20":0.2253952961,"21":0.2522331952,"22":0.2144737934,"23":0.2644715941,"24":0.2268622684,"25":0.2166338556,"26":0.2916615556,"27":0.234638838,"28":0.2525849511,"29":0.2212890305,"30":0.2559631271,"31":0.1919933227,"32":0.1933436527,"33":0.2048827233,"34":0.2022877809,"35":0.1911204974,"36":0.1969517754,"37":0.1840428561,"38":0.1858374434,"39":0.2059536696,"40":0.1587332857,"41":0.143090352,"42":0.1664160296,"43":0.197370569,"44":0.1578485878,"45":0.1478900799,"46":0.1629110466,"47":0.1560927714,"48":0.2201323427,"49":0.1732136204}}